url	bundle	filename
https://blog.ehn.nu/wp-content/uploads/2019/05/image_b449ad0b-19e1-43da-9403-2ee80756bed3.png	content/posts/2009-06-vsts-2010-enabling-test-impact-analysis	image_b449ad0b-19e1-43da-9403-2ee80756bed3.png
https://blog.ehn.nu/wp-content/uploads/2019/05/image_babc81af-a486-47fc-959b-a1093403f4eb.png	content/posts/2009-06-vsts-2010-enabling-test-impact-analysis	image_babc81af-a486-47fc-959b-a1093403f4eb.png
https://blog.ehn.nu/wp-content/uploads/2019/05/image_11612ef4-74b0-4ac2-be9a-744fc3cad9f0.png	content/posts/2009-06-vsts-2010-enabling-test-impact-analysis	image_11612ef4-74b0-4ac2-be9a-744fc3cad9f0.png
https://blog.ehn.nu/wp-content/uploads/2019/05/image_f78f1ccf-6d0f-4b76-8946-53500fc39bd7.png	content/posts/2009-06-vsts-2010-enabling-test-impact-analysis	image_f78f1ccf-6d0f-4b76-8946-53500fc39bd7.png
https://blog.ehn.nu/wp-content/uploads/2019/05/image_a1a2e267-e5d3-485d-bf46-fd93998a9557.png	content/posts/2009-06-tfs-team-build-2010-executing-unit-tests	image_a1a2e267-e5d3-485d-bf46-fd93998a9557.png
https://blog.ehn.nu/wp-content/uploads/2019/05/image_1a120b13-02b1-4532-9ff7-f2a93341434c.png	content/posts/2009-06-tfs-team-build-2010-executing-unit-tests	image_1a120b13-02b1-4532-9ff7-f2a93341434c.png
https://blog.ehn.nu/wp-content/uploads/2019/05/image_9efb876b-759e-4522-8f1a-fcaaf2a10c1d.png	content/posts/2009-06-tfs-team-build-2010-executing-unit-tests	image_9efb876b-759e-4522-8f1a-fcaaf2a10c1d.png
https://blog.ehn.nu/wp-content/uploads/2019/05/image_237e42d5-750b-43df-a3d4-6fd565ac793c.png	content/posts/2009-06-tfs-team-build-2010-executing-unit-tests	image_237e42d5-750b-43df-a3d4-6fd565ac793c.png
https://blog.ehn.nu/wp-content/uploads/2019/05/image_fdad3ea7-f6cb-4541-8e42-7055e47ed7af.png	content/posts/2009-06-tfs-team-build-2010-executing-unit-tests	image_fdad3ea7-f6cb-4541-8e42-7055e47ed7af.png
https://blog.ehn.nu/wp-content/uploads/2019/05/image_aa74e198-4355-41ef-89f8-c5ba4a065de8.png	content/posts/2009-06-tfs-team-build-2010-executing-unit-tests	image_aa74e198-4355-41ef-89f8-c5ba4a065de8.png
https://blog.ehn.nu/wp-content/uploads/2019/05/image_4f810e1b-1a61-477f-8d4d-fb57e8bab151.png	content/posts/2009-06-tfs-team-build-2010-executing-unit-tests	image_4f810e1b-1a61-477f-8d4d-fb57e8bab151.png
https://blog.ehn.nu/wp-content/uploads/2019/05/image_a94a5de2-8fd6-4366-908c-118fc3096fe8.png	content/posts/2009-06-tfs-team-build-2010-executing-unit-tests	image_a94a5de2-8fd6-4366-908c-118fc3096fe8.png
https://blog.ehn.nu/wp-content/uploads/2019/05/8_image_thumb_7.png	content/posts/2009-05-working-with-build-definitions-in-tfs-team-build-2010	8_image_thumb_7.png
https://blog.ehn.nu/wp-content/uploads/2019/05/image_15.png	content/posts/2009-05-working-with-build-definitions-in-tfs-team-build-2010	image_15.png
https://blog.ehn.nu/wp-content/uploads/2019/05/image_18.png	content/posts/2009-05-working-with-build-definitions-in-tfs-team-build-2010	image_18.png
https://blog.ehn.nu/wp-content/uploads/2019/05/image_da35b481-1156-4507-8974-8b524e322abd.png	content/posts/2009-05-working-with-build-definitions-in-tfs-team-build-2010	image_da35b481-1156-4507-8974-8b524e322abd.png
https://blog.ehn.nu/wp-content/uploads/2019/05/image_7.png	content/posts/2009-05-working-with-build-definitions-in-tfs-team-build-2010	image_7.png
https://blog.ehn.nu/wp-content/uploads/2019/05/image_113885af-8adb-4bd7-8192-83a82054066c.png	content/posts/2009-05-working-with-build-definitions-in-tfs-team-build-2010	image_113885af-8adb-4bd7-8192-83a82054066c.png
https://blog.ehn.nu/wp-content/uploads/2019/05/image_3d13e877-2187-4caf-928b-886c784c580c.png	content/posts/2009-05-working-with-build-definitions-in-tfs-team-build-2010	image_3d13e877-2187-4caf-928b-886c784c580c.png
https://blog.ehn.nu/wp-content/uploads/2019/05/image_6caaddeb-0288-4f2a-96b5-09dbd879ea65.png	content/posts/2009-05-working-with-build-definitions-in-tfs-team-build-2010	image_6caaddeb-0288-4f2a-96b5-09dbd879ea65.png
https://blog.ehn.nu/wp-content/uploads/2019/05/image_d765e30a-5fab-465b-b5a2-cba73d5d28d2.png	content/posts/2009-05-working-with-build-definitions-in-tfs-team-build-2010	image_d765e30a-5fab-465b-b5a2-cba73d5d28d2.png
https://blog.ehn.nu/wp-content/uploads/2019/05/image_ca3ce349-632c-4fc7-b8f8-9c69498a2906.png	content/posts/2009-05-working-with-build-definitions-in-tfs-team-build-2010	image_ca3ce349-632c-4fc7-b8f8-9c69498a2906.png
https://blog.ehn.nu/wp-content/uploads/2019/05/image_478d117a-78e3-43aa-96ff-f8fcb2f58bea.png	content/posts/2009-05-working-with-build-definitions-in-tfs-team-build-2010	image_478d117a-78e3-43aa-96ff-f8fcb2f58bea.png
https://blog.ehn.nu/wp-content/uploads/2019/05/43_image_thumb.png	content/posts/2009-05-tfs-team-build-2010-whats-new	43_image_thumb.png
https://blog.ehn.nu/wp-content/uploads/2019/05/32_image_thumb_1.png	content/posts/2009-05-tfs-team-build-2010-whats-new	32_image_thumb_1.png
https://blog.ehn.nu/wp-content/uploads/2019/05/26_image_thumb_3.png	content/posts/2009-05-tfs-team-build-2010-whats-new	26_image_thumb_3.png
https://blog.ehn.nu/wp-content/uploads/2019/05/19_image_thumb_4.png	content/posts/2009-05-tfs-team-build-2010-whats-new	19_image_thumb_4.png
https://blog.ehn.nu/wp-content/uploads/2019/05/11_image_thumb_5.png	content/posts/2009-05-tfs-team-build-2010-whats-new	11_image_thumb_5.png
https://blog.ehn.nu/wp-content/uploads/2019/05/5_image_thumb_11.png	content/posts/2009-05-tfs-team-build-2010-whats-new	5_image_thumb_11.png
https://blog.ehn.nu/wp-content/uploads/2019/05/6_image_thumb_10.png	content/posts/2009-05-tfs-team-build-2010-whats-new	6_image_thumb_10.png
https://blog.ehn.nu/wp-content/uploads/2019/05/13_image_thumb_6.png	content/posts/2009-05-tfs-team-build-2010-whats-new	13_image_thumb_6.png
https://blog.ehn.nu/wp-content/uploads/2019/05/9_image_thumb_7.png	content/posts/2009-05-tfs-team-build-2010-whats-new	9_image_thumb_7.png
https://blog.ehn.nu/wp-content/uploads/2019/05/8_image_thumb_8.png	content/posts/2009-05-tfs-team-build-2010-whats-new	8_image_thumb_8.png
https://blog.ehn.nu/wp-content/uploads/2019/05/5_image_thumb_9.png	content/posts/2009-05-tfs-team-build-2010-whats-new	5_image_thumb_9.png
https://blog.ehn.nu/wp-content/uploads/2019/05/BranchScenario_thumb_2.jpg	content/posts/2009-03-implementing-dependency-replication-with-tfs-team-build	BranchScenario_thumb_2.jpg
https://blog.ehn.nu/wp-content/uploads/2019/05/WorkspaceMapping_thumb.jpg	content/posts/2009-03-implementing-dependency-replication-with-tfs-team-build	WorkspaceMapping_thumb.jpg
https://blog.ehn.nu/wp-content/uploads/2015/12/profile_small-300x243.jpg	content/about-me	profile_small-300x243.jpg
https://blog.ehn.nu/wp-content/uploads/2018/09/conference-1024x614.jpg	content/speaking	conference-1024x614.jpg
https://blog.ehn.nu/wp-content/uploads/2018/09/conference.jpg	content/speaking	conference.jpg
https://blog.ehn.nu/wp-content/uploads/2019/05/35_image_thumb.png	content/posts/2010-12-dependency-replication-with-tfs-2010-build	35_image_thumb.png
https://blog.ehn.nu/wp-content/uploads/2019/05/20_image_thumb_1.png	content/posts/2010-12-dependency-replication-with-tfs-2010-build	20_image_thumb_1.png
https://blog.ehn.nu/wp-content/uploads/2019/05/21_image_thumb_3.png	content/posts/2010-12-dependency-replication-with-tfs-2010-build	21_image_thumb_3.png
https://blog.ehn.nu/wp-content/uploads/2019/05/19_image_thumb_2.png	content/posts/2010-12-dependency-replication-with-tfs-2010-build	19_image_thumb_2.png
https://blog.ehn.nu/wp-content/uploads/2019/05/21_image_thumb_1.png	content/posts/2010-11-performing-checkins-in-tfs-2010-build	21_image_thumb_1.png
https://blog.ehn.nu/wp-content/uploads/2019/05/20_image_thumb_2.png	content/posts/2010-11-performing-checkins-in-tfs-2010-build	20_image_thumb_2.png
https://blog.ehn.nu/wp-content/uploads/2019/05/23_image_thumb.png	content/posts/2010-11-managing-build-process-templates-in-tfs-2010-build	23_image_thumb.png
https://blog.ehn.nu/wp-content/uploads/2019/05/21_image_thumb_2.png	content/posts/2010-11-managing-build-process-templates-in-tfs-2010-build	21_image_thumb_2.png
https://blog.ehn.nu/wp-content/uploads/2019/05/22_image_thumb_1.png	content/posts/2010-11-managing-build-process-templates-in-tfs-2010-build	22_image_thumb_1.png
https://blog.ehn.nu/wp-content/uploads/2019/05/36_image_thumb.png	content/posts/2010-10-developing-and-debugging-server-side-event-handlers-in-tfs-2010	36_image_thumb.png
https://blog.ehn.nu/wp-content/uploads/2019/05/12_image_thumb_6.png	content/posts/2010-10-developing-and-debugging-server-side-event-handlers-in-tfs-2010	12_image_thumb_6.png
https://blog.ehn.nu/wp-content/uploads/2019/05/10_image_thumb_5.png	content/posts/2010-10-developing-and-debugging-server-side-event-handlers-in-tfs-2010	10_image_thumb_5.png
https://blog.ehn.nu/wp-content/uploads/2019/05/22_image_thumb_2.png	content/posts/2010-10-merging-work-items-in-tfs-2010	22_image_thumb_2.png
https://blog.ehn.nu/wp-content/uploads/2019/05/7_image_thumb_7.png	content/posts/2010-10-merging-work-items-in-tfs-2010	7_image_thumb_7.png
https://blog.ehn.nu/wp-content/uploads/2019/05/clip_image002_thumb.jpg	content/posts/2010-10-merging-work-items-in-tfs-2010	clip_image002_thumb.jpg
https://blog.ehn.nu/wp-content/uploads/2019/05/clip_image0025_thumb.jpg	content/posts/2010-10-merging-work-items-in-tfs-2010	clip_image0025_thumb.jpg
https://blog.ehn.nu/wp-content/uploads/2019/05/4_image_thumb_9.png	content/posts/2010-10-merging-work-items-in-tfs-2010	4_image_thumb_9.png
https://blog.ehn.nu/wp-content/uploads/2019/05/23_image_thumb_1.png	content/posts/2010-10-why-cant-i-see-test-results-in-the-tfs-2010-build-report	23_image_thumb_1.png
https://blog.ehn.nu/wp-content/uploads/2019/05/23_image_thumb_2.png	content/posts/2010-09-tfs-team-build-2010-how-to-place-the-build-output-to-a-fixed-location	23_image_thumb_2.png
https://blog.ehn.nu/wp-content/uploads/2019/05/22_image_thumb_3.png	content/posts/2010-09-tfs-team-build-2010-how-to-place-the-build-output-to-a-fixed-location	22_image_thumb_3.png
https://blog.ehn.nu/wp-content/uploads/2019/05/37_image_thumb.png	content/posts/2010-06-tfs-2010-build-dealing-with-the-api-restriction-error	37_image_thumb.png
https://blog.ehn.nu/wp-content/uploads/2019/05/24_image_thumb_1.png	content/posts/2010-06-tfs-2010-build-dealing-with-the-api-restriction-error	24_image_thumb_1.png
https://blog.ehn.nu/wp-content/uploads/2019/05/24_image_thumb_2.png	content/posts/2010-05-building-visual-studio-setup-projects-with-tfs-2010-team-build	24_image_thumb_2.png
https://blog.ehn.nu/wp-content/uploads/2019/05/25_image_thumb_1.png	content/posts/2010-05-building-visual-studio-setup-projects-with-tfs-2010-team-build	25_image_thumb_1.png
https://blog.ehn.nu/wp-content/uploads/2019/05/38_image_thumb.png	content/posts/2010-05-building-visual-studio-setup-projects-with-tfs-2010-team-build	38_image_thumb.png
https://blog.ehn.nu/wp-content/uploads/2019/05/23_image_thumb_3.png	content/posts/2010-05-building-visual-studio-setup-projects-with-tfs-2010-team-build	23_image_thumb_3.png
https://blog.ehn.nu/wp-content/uploads/2019/05/16_image_thumb_4.png	content/posts/2010-05-building-visual-studio-setup-projects-with-tfs-2010-team-build	16_image_thumb_4.png
https://blog.ehn.nu/wp-content/uploads/2019/05/24_image_thumb_3.png	content/posts/2010-05-speed-up-loading-of-test-results-from-builds-in-visual-studio	24_image_thumb_3.png
https://blog.ehn.nu/wp-content/uploads/2019/05/39_image_thumb.png	content/posts/2010-05-executing-legacy-msbuild-scripts-in-tfs-2010-build	39_image_thumb.png
https://blog.ehn.nu/wp-content/uploads/2019/05/25_image_thumb_2.png	content/posts/2010-05-executing-legacy-msbuild-scripts-in-tfs-2010-build	25_image_thumb_2.png
https://blog.ehn.nu/wp-content/uploads/2019/05/26_image_thumb_1.png	content/posts/2010-05-executing-legacy-msbuild-scripts-in-tfs-2010-build	26_image_thumb_1.png
https://blog.ehn.nu/wp-content/uploads/2019/05/17_image_thumb_4.png	content/posts/2010-05-executing-legacy-msbuild-scripts-in-tfs-2010-build	17_image_thumb_4.png
https://blog.ehn.nu/wp-content/uploads/2019/05/40_image_thumb.png	content/posts/2010-04-modify-build-failure-work-item-in-tfs-2010-build	40_image_thumb.png
https://blog.ehn.nu/wp-content/uploads/2019/05/27_image_thumb_1.png	content/posts/2010-04-modify-build-failure-work-item-in-tfs-2010-build	27_image_thumb_1.png
https://blog.ehn.nu/wp-content/uploads/2019/05/28_image_thumb_1.png	content/posts/2010-04-creating-a-build-definition-using-the-tfs-2010-api	28_image_thumb_1.png
https://blog.ehn.nu/wp-content/uploads/2019/05/41_image_thumb.png	content/posts/2010-04-getting-tf215097-error-after-modifying-a-build-process-template-in-tfs-team-build-2010	41_image_thumb.png
https://blog.ehn.nu/wp-content/uploads/2019/05/29_image_thumb_1.png	content/posts/2010-04-getting-tf215097-error-after-modifying-a-build-process-template-in-tfs-team-build-2010	29_image_thumb_1.png
https://blog.ehn.nu/wp-content/uploads/2019/05/30_image_thumb_1.png	content/posts/2010-04-implementing-release-notes-in-tfs-team-build-2010	30_image_thumb_1.png
https://blog.ehn.nu/wp-content/uploads/2019/05/26_image_thumb_2.png	content/posts/2010-04-implementing-release-notes-in-tfs-team-build-2010	26_image_thumb_2.png
https://blog.ehn.nu/wp-content/uploads/2019/05/25_image_thumb_3.png	content/posts/2010-04-implementing-release-notes-in-tfs-team-build-2010	25_image_thumb_3.png
https://blog.ehn.nu/wp-content/uploads/2019/05/18_image_thumb_4.png	content/posts/2010-04-implementing-release-notes-in-tfs-team-build-2010	18_image_thumb_4.png
https://blog.ehn.nu/wp-content/uploads/2019/05/42_image_thumb.png	content/posts/2009-11-tfs-2010-beta-2-upgrading-builds-from-tfs-2008	42_image_thumb.png
https://blog.ehn.nu/wp-content/uploads/2019/05/31_image_thumb_1.png	content/posts/2009-11-tfs-2010-beta-2-upgrading-builds-from-tfs-2008	31_image_thumb_1.png
https://blog.ehn.nu/wp-content/uploads/2019/05/image_3e2c210a-2d0e-4f70-aa50-3bd795eb3480.png	content/posts/2009-08-tfs-team-build-2010-working-with-custom-code-activities	image_3e2c210a-2d0e-4f70-aa50-3bd795eb3480.png
https://blog.ehn.nu/wp-content/uploads/2019/05/image_45c09d66-e8f7-4313-ab97-a99e570aac23.png	content/posts/2009-08-tfs-team-build-2010-working-with-custom-code-activities	image_45c09d66-e8f7-4313-ab97-a99e570aac23.png
https://blog.ehn.nu/wp-content/uploads/2019/05/image_ea3a59b9-383e-4284-b128-e62c58c20706.png	content/posts/2009-08-tfs-team-build-2010-working-with-custom-code-activities	image_ea3a59b9-383e-4284-b128-e62c58c20706.png
https://blog.ehn.nu/wp-content/uploads/2019/05/image_1a6c5a6e-e600-45e5-8122-3dbf7382abdb.png	content/posts/2009-08-tfs-team-build-2010-working-with-custom-code-activities	image_1a6c5a6e-e600-45e5-8122-3dbf7382abdb.png
https://blog.ehn.nu/wp-content/uploads/2019/05/image_a5b5cf1d-354b-4348-b2f5-775cba6621ca.png	content/posts/2009-08-tfs-team-build-2010-working-with-custom-code-activities	image_a5b5cf1d-354b-4348-b2f5-775cba6621ca.png
https://blog.ehn.nu/wp-content/uploads/2019/05/20_image_thumb.png	content/posts/2012-07-tfs-build-dependency-replication-using-community-tfs-build-extensions	20_image_thumb.png
https://blog.ehn.nu/wp-content/uploads/2019/05/12_image_thumb_1.png	content/posts/2012-07-tfs-build-dependency-replication-using-community-tfs-build-extensions	12_image_thumb_1.png
https://blog.ehn.nu/wp-content/uploads/2019/05/11_image_thumb_3.png	content/posts/2012-07-tfs-build-dependency-replication-using-community-tfs-build-extensions	11_image_thumb_3.png
https://blog.ehn.nu/wp-content/uploads/2019/05/12_image_thumb_3.png	content/posts/2012-07-community-tfs-build-manager-available-for-visual-studio-2012-rc	12_image_thumb_3.png
https://blog.ehn.nu/wp-content/uploads/2019/05/13_image_thumb_1.png	content/posts/2012-07-community-tfs-build-manager-available-for-visual-studio-2012-rc	13_image_thumb_1.png
https://blog.ehn.nu/wp-content/uploads/2019/05/10_image_thumb_2.png	content/posts/2012-07-community-tfs-build-manager-available-for-visual-studio-2012-rc	10_image_thumb_2.png
https://blog.ehn.nu/wp-content/uploads/2019/05/21_image_thumb.png	content/posts/2012-04-deploying-ssdt-projects-with-tfs-build	21_image_thumb.png
https://blog.ehn.nu/wp-content/uploads/2019/05/11_image_thumb_2.png	content/posts/2012-04-deploying-ssdt-projects-with-tfs-build	11_image_thumb_2.png
https://blog.ehn.nu/wp-content/uploads/2019/05/13_image_thumb_3.png	content/posts/2012-04-deploying-ssdt-projects-with-tfs-build	13_image_thumb_3.png
https://blog.ehn.nu/wp-content/uploads/2019/05/9_image_thumb_4.png	content/posts/2012-04-deploying-ssdt-projects-with-tfs-build	9_image_thumb_4.png
https://blog.ehn.nu/wp-content/uploads/2019/05/6_image_thumb_5.png	content/posts/2012-04-deploying-ssdt-projects-with-tfs-build	6_image_thumb_5.png
https://blog.ehn.nu/wp-content/uploads/2019/05/8_image_thumb_6.png	content/posts/2012-04-deploying-ssdt-projects-with-tfs-build	8_image_thumb_6.png
https://blog.ehn.nu/wp-content/uploads/2019/05/22_image_thumb.png	content/posts/2012-03-adding-fake-build-information-in-tfs-2010	22_image_thumb.png
https://blog.ehn.nu/wp-content/uploads/2019/05/23_image_thumb.png	content/posts/2012-02-managing-build-templates-with-community-tfs-build-manager	23_image_thumb.png
https://blog.ehn.nu/wp-content/uploads/2019/05/24_image_thumb.png	content/posts/2012-02-managing-build-templates-with-community-tfs-build-manager	24_image_thumb.png
https://blog.ehn.nu/wp-content/uploads/2019/05/14_image_thumb_3.png	content/posts/2012-02-managing-build-templates-with-community-tfs-build-manager	14_image_thumb_3.png
https://blog.ehn.nu/wp-content/uploads/2019/05/10_image_thumb_4.png	content/posts/2012-02-managing-build-templates-with-community-tfs-build-manager	10_image_thumb_4.png
https://blog.ehn.nu/wp-content/uploads/2019/05/7_image_thumb_5.png	content/posts/2012-02-managing-build-templates-with-community-tfs-build-manager	7_image_thumb_5.png
https://blog.ehn.nu/wp-content/uploads/2019/05/9_image_thumb_6.png	content/posts/2012-02-managing-build-templates-with-community-tfs-build-manager	9_image_thumb_6.png
https://blog.ehn.nu/wp-content/uploads/2019/05/25_image_thumb.png	content/posts/2012-02-handling-warnings-and-errors-with-invokeprocess-in-tfs-2010-build	25_image_thumb.png
https://blog.ehn.nu/wp-content/uploads/2019/05/14_image_thumb_1.png	content/posts/2012-02-handling-warnings-and-errors-with-invokeprocess-in-tfs-2010-build	14_image_thumb_1.png
https://blog.ehn.nu/wp-content/uploads/2019/05/12_image_thumb_2.png	content/posts/2012-02-handling-warnings-and-errors-with-invokeprocess-in-tfs-2010-build	12_image_thumb_2.png
https://blog.ehn.nu/wp-content/uploads/2019/05/15_image_thumb_3.png	content/posts/2012-02-handling-warnings-and-errors-with-invokeprocess-in-tfs-2010-build	15_image_thumb_3.png
https://blog.ehn.nu/wp-content/uploads/2019/05/4_image_thumb_12.png	content/posts/2011-12-introducing-community-tfs-build-manager	4_image_thumb_12.png
https://blog.ehn.nu/wp-content/uploads/2019/05/13_image_thumb_2.png	content/posts/2011-12-introducing-community-tfs-build-manager	13_image_thumb_2.png
https://blog.ehn.nu/wp-content/uploads/2019/05/26_image_thumb.png	content/posts/2011-12-introducing-community-tfs-build-manager	26_image_thumb.png
https://blog.ehn.nu/wp-content/uploads/2019/05/15_image_thumb_1.png	content/posts/2011-12-introducing-community-tfs-build-manager	15_image_thumb_1.png
https://blog.ehn.nu/wp-content/uploads/2019/05/16_image_thumb_3.png	content/posts/2011-12-introducing-community-tfs-build-manager	16_image_thumb_3.png
https://blog.ehn.nu/wp-content/uploads/2019/05/11_image_thumb_4.png	content/posts/2011-12-introducing-community-tfs-build-manager	11_image_thumb_4.png
https://blog.ehn.nu/wp-content/uploads/2019/05/8_image_thumb_5.png	content/posts/2011-12-introducing-community-tfs-build-manager	8_image_thumb_5.png
https://blog.ehn.nu/wp-content/uploads/2019/05/10_image_thumb_6.png	content/posts/2011-12-introducing-community-tfs-build-manager	10_image_thumb_6.png
https://blog.ehn.nu/wp-content/uploads/2019/05/5_image_thumb_7.png	content/posts/2011-12-introducing-community-tfs-build-manager	5_image_thumb_7.png
https://blog.ehn.nu/wp-content/uploads/2019/05/7_image_thumb_8.png	content/posts/2011-12-introducing-community-tfs-build-manager	7_image_thumb_8.png
https://blog.ehn.nu/wp-content/uploads/2019/05/4_image_thumb_11.png	content/posts/2011-12-introducing-community-tfs-build-manager	4_image_thumb_11.png
https://blog.ehn.nu/wp-content/uploads/2019/05/5_image_thumb_10.png	content/posts/2011-12-introducing-community-tfs-build-manager	5_image_thumb_10.png
https://blog.ehn.nu/wp-content/uploads/2019/05/27_image_thumb.png	content/posts/2011-12-tf237165-team-foundation-could-not-update-the-work-item-because-of-a-validation-error-on-the-server	27_image_thumb.png
https://blog.ehn.nu/wp-content/uploads/2019/05/16_image_thumb_1.png	content/posts/2011-12-tf237165-team-foundation-could-not-update-the-work-item-because-of-a-validation-error-on-the-server	16_image_thumb_1.png
https://blog.ehn.nu/wp-content/uploads/2019/05/17_image_thumb_3.png	content/posts/2011-12-tf237165-team-foundation-could-not-update-the-work-item-because-of-a-validation-error-on-the-server	17_image_thumb_3.png
https://blog.ehn.nu/wp-content/uploads/2019/05/14_image_thumb_2.png	content/posts/2011-12-tf237165-team-foundation-could-not-update-the-work-item-because-of-a-validation-error-on-the-server	14_image_thumb_2.png
https://blog.ehn.nu/wp-content/uploads/2019/05/12_image_thumb_4.png	content/posts/2011-12-tf237165-team-foundation-could-not-update-the-work-item-because-of-a-validation-error-on-the-server	12_image_thumb_4.png
https://blog.ehn.nu/wp-content/uploads/2019/05/28_image_thumb.png	content/posts/2011-12-compatibility-problem-with-microsoft-test-manager-2010-and-visual-studio-2011	28_image_thumb.png
https://blog.ehn.nu/wp-content/uploads/2019/05/13_image_thumb_4.png	content/posts/2011-12-compatibility-problem-with-microsoft-test-manager-2010-and-visual-studio-2011	13_image_thumb_4.png
https://blog.ehn.nu/wp-content/uploads/2019/05/17_image_thumb_1.png	content/posts/2011-12-tfs-2010-build-troubleshooting-the-tf215097-error	17_image_thumb_1.png
https://blog.ehn.nu/wp-content/uploads/2019/05/15_image_thumb_2.png	content/posts/2011-12-tfs-2010-build-troubleshooting-the-tf215097-error	15_image_thumb_2.png
https://blog.ehn.nu/wp-content/uploads/2019/05/29_image_thumb.png	content/posts/2011-12-tfs-2010-build-troubleshooting-the-tf215097-error	29_image_thumb.png
https://blog.ehn.nu/wp-content/uploads/2019/05/30_image_thumb.png	content/posts/2011-07-first-stable-release-of-the-community-tfs-2010-build-extensions	30_image_thumb.png
https://blog.ehn.nu/wp-content/uploads/2019/05/31_image_thumb.png	content/posts/2011-05-automatically-merging-work-items-in-tfs-2013	31_image_thumb.png
https://blog.ehn.nu/wp-content/uploads/2019/05/18_image_thumb_1.png	content/posts/2011-05-automatically-merging-work-items-in-tfs-2013	18_image_thumb_1.png
https://blog.ehn.nu/wp-content/uploads/2019/05/16_image_thumb_2.png	content/posts/2011-05-automatically-merging-work-items-in-tfs-2013	16_image_thumb_2.png
https://blog.ehn.nu/wp-content/uploads/2019/05/18_image_thumb_3.png	content/posts/2011-05-automatically-merging-work-items-in-tfs-2013	18_image_thumb_3.png
https://blog.ehn.nu/wp-content/uploads/2019/05/14_image_thumb_4.png	content/posts/2011-05-automatically-merging-work-items-in-tfs-2013	14_image_thumb_4.png
https://blog.ehn.nu/wp-content/uploads/2019/05/9_image_thumb_5.png	content/posts/2011-05-automatically-merging-work-items-in-tfs-2013	9_image_thumb_5.png
https://blog.ehn.nu/wp-content/uploads/2019/05/11_image_thumb_6.png	content/posts/2011-05-automatically-merging-work-items-in-tfs-2013	11_image_thumb_6.png
https://blog.ehn.nu/wp-content/uploads/2019/05/6_image_thumb_7.png	content/posts/2011-05-automatically-merging-work-items-in-tfs-2013	6_image_thumb_7.png
https://blog.ehn.nu/wp-content/uploads/2019/05/Inmetabuildexplorer.png	content/posts/2011-04-tfs-2010-inmeta-build-explorer	Inmetabuildexplorer.png
https://blog.ehn.nu/wp-content/uploads/2019/05/32_image_thumb.png	content/posts/2011-04-tfs-2010-inmeta-build-explorer	32_image_thumb.png
https://blog.ehn.nu/wp-content/uploads/2019/05/33_image_thumb.png	content/posts/2011-01-integrating-code-metrics-in-tfs-2010-build	33_image_thumb.png
https://blog.ehn.nu/wp-content/uploads/2019/05/15_image_thumb_4.png	content/posts/2011-01-integrating-code-metrics-in-tfs-2010-build	15_image_thumb_4.png
https://blog.ehn.nu/wp-content/uploads/2019/05/17_image_thumb_2.png	content/posts/2011-01-integrating-code-metrics-in-tfs-2010-build	17_image_thumb_2.png
https://blog.ehn.nu/wp-content/uploads/2019/05/19_image_thumb_3.png	content/posts/2011-01-integrating-code-metrics-in-tfs-2010-build	19_image_thumb_3.png
https://blog.ehn.nu/wp-content/uploads/2019/05/34_image_thumb.png	content/posts/2010-12-tfs-2010-build-custom-activity-for-merging-assemblies	34_image_thumb.png
https://blog.ehn.nu/wp-content/uploads/2019/05/19_image_thumb_1.png	content/posts/2010-12-tfs-2010-build-custom-activity-for-merging-assemblies	19_image_thumb_1.png
https://blog.ehn.nu/wp-content/uploads/2019/05/18_image_thumb_2.png	content/posts/2010-12-tfs-2010-build-custom-activity-for-merging-assemblies	18_image_thumb_2.png
https://blog.ehn.nu/wp-content/uploads/2019/05/20_image_thumb_3.png	content/posts/2010-12-tfs-2010-build-custom-activity-for-merging-assemblies	20_image_thumb_3.png
https://blog.ehn.nu/wp-content/uploads/2019/05/VSO_thumb.png	content/posts/2015-02-speaking-at-devsum-2015	VSO_thumb.png
https://blog.ehn.nu/wp-content/uploads/2019/05/9_image_thumb.png	content/posts/2015-02-introducing-gitflow-for-visual-studio	9_image_thumb.png
https://blog.ehn.nu/wp-content/uploads/2019/05/5_image_thumb_1.png	content/posts/2015-02-introducing-gitflow-for-visual-studio	5_image_thumb_1.png
https://blog.ehn.nu/wp-content/uploads/2019/05/4_image_thumb_2.png	content/posts/2015-02-introducing-gitflow-for-visual-studio	4_image_thumb_2.png
https://blog.ehn.nu/wp-content/uploads/2019/05/4_image_thumb_3.png	content/posts/2015-02-introducing-gitflow-for-visual-studio	4_image_thumb_3.png
https://blog.ehn.nu/wp-content/uploads/2019/05/2_image_thumb_10.png	content/posts/2015-02-introducing-gitflow-for-visual-studio	2_image_thumb_10.png
https://blog.ehn.nu/wp-content/uploads/2019/05/image_thumb_11.png	content/posts/2015-02-introducing-gitflow-for-visual-studio	image_thumb_11.png
https://blog.ehn.nu/wp-content/uploads/2019/05/3_image_thumb_5.png	content/posts/2015-02-introducing-gitflow-for-visual-studio	3_image_thumb_5.png
https://blog.ehn.nu/wp-content/uploads/2019/05/4_image_thumb_6.png	content/posts/2015-02-introducing-gitflow-for-visual-studio	4_image_thumb_6.png
https://blog.ehn.nu/wp-content/uploads/2019/05/3_image_thumb_7.png	content/posts/2015-02-introducing-gitflow-for-visual-studio	3_image_thumb_7.png
https://blog.ehn.nu/wp-content/uploads/2019/05/3_image_thumb_8.png	content/posts/2015-02-introducing-gitflow-for-visual-studio	3_image_thumb_8.png
https://blog.ehn.nu/wp-content/uploads/2019/05/10_image_thumb.png	content/posts/2015-01-tfs-build-vnext-a-preview	10_image_thumb.png
https://blog.ehn.nu/wp-content/uploads/2019/05/1_image_thumb_13.png	content/posts/2015-01-tfs-build-vnext-a-preview	1_image_thumb_13.png
https://blog.ehn.nu/wp-content/uploads/2019/05/image_thumb_14.png	content/posts/2015-01-tfs-build-vnext-a-preview	image_thumb_14.png
https://blog.ehn.nu/wp-content/uploads/2019/05/5_image_thumb_2.png	content/posts/2015-01-tfs-build-vnext-a-preview	5_image_thumb_2.png
https://blog.ehn.nu/wp-content/uploads/2019/05/1_image_thumb_12.png	content/posts/2015-01-tfs-build-vnext-a-preview	1_image_thumb_12.png
https://blog.ehn.nu/wp-content/uploads/2019/05/image_thumb_16.png	content/posts/2015-01-tfs-build-vnext-a-preview	image_thumb_16.png
https://blog.ehn.nu/wp-content/uploads/2019/05/image_thumb_17.png	content/posts/2015-01-tfs-build-vnext-a-preview	image_thumb_17.png
https://blog.ehn.nu/wp-content/uploads/2019/05/image_thumb_18.png	content/posts/2015-01-tfs-build-vnext-a-preview	image_thumb_18.png
https://blog.ehn.nu/wp-content/uploads/2019/05/5_image_thumb_3.png	content/posts/2015-01-tfs-build-vnext-a-preview	5_image_thumb_3.png
https://blog.ehn.nu/wp-content/uploads/2019/05/image_thumb_19.png	content/posts/2015-01-tfs-build-vnext-a-preview	image_thumb_19.png
https://blog.ehn.nu/wp-content/uploads/2019/05/image_thumb_20.png	content/posts/2015-01-tfs-build-vnext-a-preview	image_thumb_20.png
https://blog.ehn.nu/wp-content/uploads/2019/05/6_image_thumb_1.png	content/posts/2015-01-trigger-visual-studio-release-management-vnext-from-teamcity	6_image_thumb_1.png
https://blog.ehn.nu/wp-content/uploads/2019/05/11_image_thumb.png	content/posts/2015-01-trigger-visual-studio-release-management-vnext-from-teamcity	11_image_thumb.png
https://blog.ehn.nu/wp-content/uploads/2019/05/SNAGHTML5c6e9ead_thumb.png	content/posts/2015-01-trigger-visual-studio-release-management-vnext-from-teamcity	SNAGHTML5c6e9ead_thumb.png
https://blog.ehn.nu/wp-content/uploads/2019/05/6_image_thumb_3.png	content/posts/2015-01-trigger-visual-studio-release-management-vnext-from-teamcity	6_image_thumb_3.png
https://blog.ehn.nu/wp-content/uploads/2019/05/4_image_thumb_4.png	content/posts/2015-01-trigger-visual-studio-release-management-vnext-from-teamcity	4_image_thumb_4.png
https://blog.ehn.nu/wp-content/uploads/2019/05/6_image_thumb_2.png	content/posts/2014-11-using-log4net-for-application-insights	6_image_thumb_2.png
https://blog.ehn.nu/wp-content/uploads/2019/05/12_image_thumb.png	content/posts/2014-11-using-log4net-for-application-insights	12_image_thumb.png
https://blog.ehn.nu/wp-content/uploads/2019/05/1_image4_thumb.png	content/posts/2014-11-using-log4net-for-application-insights	1_image4_thumb.png
https://blog.ehn.nu/wp-content/uploads/2019/05/13_image_thumb.png	content/posts/2014-05-tfs-build-nuget-exe-was-not-found-in-the-expected-location	13_image_thumb.png
https://blog.ehn.nu/wp-content/uploads/2019/05/14_image_thumb.png	content/posts/2013-12-inmeta-visual-studio-extension-gallery-version-2-0	14_image_thumb.png
https://blog.ehn.nu/wp-content/uploads/2019/05/image5_thumb.png	content/posts/2013-12-inmeta-visual-studio-extension-gallery-version-2-0	image5_thumb.png
https://blog.ehn.nu/wp-content/uploads/2019/05/3_image_thumb_10.png	content/posts/2013-12-inmeta-visual-studio-extension-gallery-version-2-0	3_image_thumb_10.png
https://blog.ehn.nu/wp-content/uploads/2019/05/image10_thumb.png	content/posts/2013-12-inmeta-visual-studio-extension-gallery-version-2-0	image10_thumb.png
https://blog.ehn.nu/wp-content/uploads/2019/05/2_image_thumb_12.png	content/posts/2013-12-inmeta-visual-studio-extension-gallery-version-2-0	2_image_thumb_12.png
https://blog.ehn.nu/wp-content/uploads/2019/05/1_image_thumb_11.png	content/posts/2013-12-inmeta-visual-studio-extension-gallery-version-2-0	1_image_thumb_11.png
https://blog.ehn.nu/wp-content/uploads/2019/05/VSCommunityDay2013_thumb.jpg	content/posts/2013-09-inmeta-visual-studio-2013-community-day	VSCommunityDay2013_thumb.jpg
https://blog.ehn.nu/wp-content/uploads/2019/05/5_image_thumb_6.png	content/posts/2013-08-getting-started-with-inrelease-and-tfs-2013-preview	5_image_thumb_6.png
https://blog.ehn.nu/wp-content/uploads/2019/05/image_thumb5B95D_thumb.png	content/posts/2013-08-getting-started-with-inrelease-and-tfs-2013-preview	image_thumb5B95D_thumb.png
https://blog.ehn.nu/wp-content/uploads/2019/05/SNAGHTML1f1578f9_thumb5B15D_thumb.png	content/posts/2013-08-getting-started-with-inrelease-and-tfs-2013-preview	SNAGHTML1f1578f9_thumb5B15D_thumb.png
https://blog.ehn.nu/wp-content/uploads/2019/05/SNAGHTML1f1915f3_thumb5B15D_thumb.png	content/posts/2013-08-getting-started-with-inrelease-and-tfs-2013-preview	SNAGHTML1f1915f3_thumb5B15D_thumb.png
https://blog.ehn.nu/wp-content/uploads/2019/05/SNAGHTML2013a2ad_thumb.png	content/posts/2013-08-getting-started-with-inrelease-and-tfs-2013-preview	SNAGHTML2013a2ad_thumb.png
https://blog.ehn.nu/wp-content/uploads/2019/05/SNAGHTML1f7a177b_thumb.png	content/posts/2013-08-getting-started-with-inrelease-and-tfs-2013-preview	SNAGHTML1f7a177b_thumb.png
https://blog.ehn.nu/wp-content/uploads/2019/05/SNAGHTML1f86c797_thumb.png	content/posts/2013-08-getting-started-with-inrelease-and-tfs-2013-preview	SNAGHTML1f86c797_thumb.png
https://blog.ehn.nu/wp-content/uploads/2019/05/SNAGHTML1fe9abd0_thumb.png	content/posts/2013-08-getting-started-with-inrelease-and-tfs-2013-preview	SNAGHTML1fe9abd0_thumb.png
https://blog.ehn.nu/wp-content/uploads/2019/05/SNAGHTML1f92e323_thumb.png	content/posts/2013-08-getting-started-with-inrelease-and-tfs-2013-preview	SNAGHTML1f92e323_thumb.png
https://blog.ehn.nu/wp-content/uploads/2019/05/SNAGHTML1fa8b012_thumb.png	content/posts/2013-08-getting-started-with-inrelease-and-tfs-2013-preview	SNAGHTML1fa8b012_thumb.png
https://blog.ehn.nu/wp-content/uploads/2019/05/4_image_thumb_8.png	content/posts/2013-08-getting-started-with-inrelease-and-tfs-2013-preview	4_image_thumb_8.png
https://blog.ehn.nu/wp-content/uploads/2019/05/SNAGHTML1fb789be_thumb.png	content/posts/2013-08-getting-started-with-inrelease-and-tfs-2013-preview	SNAGHTML1fb789be_thumb.png
https://blog.ehn.nu/wp-content/uploads/2019/05/SNAGHTML1fbae7f4_thumb.png	content/posts/2013-08-getting-started-with-inrelease-and-tfs-2013-preview	SNAGHTML1fbae7f4_thumb.png
https://blog.ehn.nu/wp-content/uploads/2019/05/SNAGHTML1fc62ca2_thumb.png	content/posts/2013-08-getting-started-with-inrelease-and-tfs-2013-preview	SNAGHTML1fc62ca2_thumb.png
https://blog.ehn.nu/wp-content/uploads/2019/05/SNAGHTML1fca5beb_thumb.png	content/posts/2013-08-getting-started-with-inrelease-and-tfs-2013-preview	SNAGHTML1fca5beb_thumb.png
https://blog.ehn.nu/wp-content/uploads/2019/05/2_image_thumb_11.png	content/posts/2013-08-getting-started-with-inrelease-and-tfs-2013-preview	2_image_thumb_11.png
https://blog.ehn.nu/wp-content/uploads/2019/05/clip_image001_thumb.jpg	content/posts/2013-05-new-book-pro-team-foundation-service	clip_image001_thumb.jpg
https://blog.ehn.nu/wp-content/uploads/2019/05/15_image_thumb.png	content/posts/2013-05-extending-team-explorer-2012-associating-recent-work-items	15_image_thumb.png
https://blog.ehn.nu/wp-content/uploads/2019/05/5_image_thumb_4.png	content/posts/2013-05-extending-team-explorer-2012-associating-recent-work-items	5_image_thumb_4.png
https://blog.ehn.nu/wp-content/uploads/2019/05/7_image_thumb_3.png	content/posts/2013-05-extending-team-explorer-2012-associating-recent-work-items	7_image_thumb_3.png
https://blog.ehn.nu/wp-content/uploads/2019/05/7_image_thumb_1.png	content/posts/2013-05-extending-team-explorer-2012-associating-recent-work-items	7_image_thumb_1.png
https://blog.ehn.nu/wp-content/uploads/2019/05/8_image_thumb_1.png	content/posts/2013-01-tfs-build-running-static-code-analysis-for-specific-configuration	8_image_thumb_1.png
https://blog.ehn.nu/wp-content/uploads/2019/05/16_image_thumb.png	content/posts/2013-01-tfs-build-running-static-code-analysis-for-specific-configuration	16_image_thumb.png
https://blog.ehn.nu/wp-content/uploads/2019/05/3_image_thumb_11.png	content/posts/2013-01-tfs-build-running-static-code-analysis-for-specific-configuration	3_image_thumb_11.png
https://blog.ehn.nu/wp-content/uploads/2019/05/8_image_thumb_3.png	content/posts/2013-01-tfs-build-running-static-code-analysis-for-specific-configuration	8_image_thumb_3.png
https://blog.ehn.nu/wp-content/uploads/2019/05/6_image_thumb_4.png	content/posts/2013-01-tfs-build-running-static-code-analysis-for-specific-configuration	6_image_thumb_4.png
https://blog.ehn.nu/wp-content/uploads/2019/05/4_image_thumb_5.png	content/posts/2013-01-tfs-build-running-static-code-analysis-for-specific-configuration	4_image_thumb_5.png
https://blog.ehn.nu/wp-content/uploads/2019/05/5_image_thumb_8.png	content/posts/2013-01-tfs-build-running-static-code-analysis-for-specific-configuration	5_image_thumb_8.png
https://blog.ehn.nu/wp-content/uploads/2019/05/17_image_thumb.png	content/posts/2012-11-book-team-foundation-server-2012-starter-published	17_image_thumb.png
https://blog.ehn.nu/wp-content/uploads/2019/05/5_image_thumb_5.png	content/posts/2012-11-using-private-extension-galleries-in-visual-studio-2012	5_image_thumb_5.png
https://blog.ehn.nu/wp-content/uploads/2019/05/9_image_thumb_1.png	content/posts/2012-11-using-private-extension-galleries-in-visual-studio-2012	9_image_thumb_1.png
https://blog.ehn.nu/wp-content/uploads/2019/05/7_image_thumb_2.png	content/posts/2012-11-using-private-extension-galleries-in-visual-studio-2012	7_image_thumb_2.png
https://blog.ehn.nu/wp-content/uploads/2019/05/9_image_thumb_3.png	content/posts/2012-11-using-private-extension-galleries-in-visual-studio-2012	9_image_thumb_3.png
https://blog.ehn.nu/wp-content/uploads/2019/05/6_image_thumb_6.png	content/posts/2012-11-using-private-extension-galleries-in-visual-studio-2012	6_image_thumb_6.png
https://blog.ehn.nu/wp-content/uploads/2019/05/10_image_thumb_3.png	content/posts/2012-09-get-started-using-build-deploy-test-workflow-with-tfs-2012	10_image_thumb_3.png
https://blog.ehn.nu/wp-content/uploads/2019/05/7_image_thumb_4.png	content/posts/2012-09-get-started-using-build-deploy-test-workflow-with-tfs-2012	7_image_thumb_4.png
https://blog.ehn.nu/wp-content/uploads/2019/05/18_image_thumb.png	content/posts/2012-09-get-started-using-build-deploy-test-workflow-with-tfs-2012	18_image_thumb.png
https://blog.ehn.nu/wp-content/uploads/2019/05/10_image_thumb_1.png	content/posts/2012-09-get-started-using-build-deploy-test-workflow-with-tfs-2012	10_image_thumb_1.png
https://blog.ehn.nu/wp-content/uploads/2019/05/7_image_thumb_6.png	content/posts/2012-09-get-started-using-build-deploy-test-workflow-with-tfs-2012	7_image_thumb_6.png
https://blog.ehn.nu/wp-content/uploads/2019/05/4_image_thumb_7.png	content/posts/2012-09-get-started-using-build-deploy-test-workflow-with-tfs-2012	4_image_thumb_7.png
https://blog.ehn.nu/wp-content/uploads/2019/05/1_image_thumb_18.png	content/posts/2012-09-get-started-using-build-deploy-test-workflow-with-tfs-2012	1_image_thumb_18.png
https://blog.ehn.nu/wp-content/uploads/2019/05/6_image_thumb_8.png	content/posts/2012-09-get-started-using-build-deploy-test-workflow-with-tfs-2012	6_image_thumb_8.png
https://blog.ehn.nu/wp-content/uploads/2019/05/3_image_thumb_9.png	content/posts/2012-09-get-started-using-build-deploy-test-workflow-with-tfs-2012	3_image_thumb_9.png
https://blog.ehn.nu/wp-content/uploads/2019/05/4_image_thumb_10.png	content/posts/2012-09-get-started-using-build-deploy-test-workflow-with-tfs-2012	4_image_thumb_10.png
https://blog.ehn.nu/wp-content/uploads/2019/05/8_image_thumb_2.png	content/posts/2012-09-get-started-using-build-deploy-test-workflow-with-tfs-2012	8_image_thumb_2.png
https://blog.ehn.nu/wp-content/uploads/2019/05/1_image_thumb_19.png	content/posts/2012-09-get-started-using-build-deploy-test-workflow-with-tfs-2012	1_image_thumb_19.png
https://blog.ehn.nu/wp-content/uploads/2019/05/3_image_thumb_12.png	content/posts/2012-09-get-started-using-build-deploy-test-workflow-with-tfs-2012	3_image_thumb_12.png
https://blog.ehn.nu/wp-content/uploads/2019/05/2_image_thumb_13.png	content/posts/2012-09-get-started-using-build-deploy-test-workflow-with-tfs-2012	2_image_thumb_13.png
https://blog.ehn.nu/wp-content/uploads/2019/05/1_image_thumb_16.png	content/posts/2012-09-get-started-using-build-deploy-test-workflow-with-tfs-2012	1_image_thumb_16.png
https://blog.ehn.nu/wp-content/uploads/2019/05/1_image_thumb_17.png	content/posts/2012-09-get-started-using-build-deploy-test-workflow-with-tfs-2012	1_image_thumb_17.png
https://blog.ehn.nu/wp-content/uploads/2019/05/19_image_thumb.png	content/posts/2012-08-new-functionality-in-tfs-build-manager-managing-triggers-and-build-resources	19_image_thumb.png
https://blog.ehn.nu/wp-content/uploads/2019/05/11_image_thumb_1.png	content/posts/2012-08-new-functionality-in-tfs-build-manager-managing-triggers-and-build-resources	11_image_thumb_1.png
https://blog.ehn.nu/wp-content/uploads/2019/05/9_image_thumb_2.png	content/posts/2012-08-new-functionality-in-tfs-build-manager-managing-triggers-and-build-resources	9_image_thumb_2.png
https://blog.ehn.nu/wp-content/uploads/2019/05/8_image_thumb_4.png	content/posts/2012-08-new-functionality-in-tfs-build-manager-managing-triggers-and-build-resources	8_image_thumb_4.png
https://blog.ehn.nu/wp-content/uploads/2019/05/loadingtest-1.jpg	content/posts/2015-11-performance-tests-for-azure-web-apps	loadingtest-1.jpg
https://blog.ehn.nu/wp-content/uploads/2019/05/image_thumb_1.png	content/posts/2015-11-performance-tests-for-azure-web-apps	image_thumb_1.png
https://blog.ehn.nu/wp-content/uploads/2019/05/image_thumb_2.png	content/posts/2015-11-performance-tests-for-azure-web-apps	image_thumb_2.png
https://blog.ehn.nu/wp-content/uploads/2019/05/img_5ce3116b0e9b9.jpg	content/posts/2015-11-performance-tests-for-azure-web-apps	img_5ce3116b0e9b9.jpg
https://blog.ehn.nu/wp-content/uploads/2019/05/image_thumb_6.png	content/posts/2015-11-performance-tests-for-azure-web-apps	image_thumb_6.png
https://blog.ehn.nu/wp-content/uploads/2019/05/image_thumb_3.png	content/posts/2015-11-performance-tests-for-azure-web-apps	image_thumb_3.png
https://blog.ehn.nu/wp-content/uploads/2019/05/image_thumb_4.png	content/posts/2015-11-performance-tests-for-azure-web-apps	image_thumb_4.png
https://blog.ehn.nu/wp-content/uploads/2019/05/image_thumb_5.png	content/posts/2015-11-performance-tests-for-azure-web-apps	image_thumb_5.png
https://blog.ehn.nu/wp-content/uploads/2019/05/1_image_thumb_4.png	content/posts/2015-10-10-features-in-team-foundation-server-that-you-maybe-didnt-know-about	1_image_thumb_4.png
https://blog.ehn.nu/wp-content/uploads/2019/05/5_image_thumb.png	content/posts/2015-10-10-features-in-team-foundation-server-that-you-maybe-didnt-know-about	5_image_thumb.png
https://blog.ehn.nu/wp-content/uploads/2019/05/1_image_thumb_1.png	content/posts/2015-10-10-features-in-team-foundation-server-that-you-maybe-didnt-know-about	1_image_thumb_1.png
https://blog.ehn.nu/wp-content/uploads/2019/05/1_image_thumb_2.png	content/posts/2015-10-10-features-in-team-foundation-server-that-you-maybe-didnt-know-about	1_image_thumb_2.png
https://blog.ehn.nu/wp-content/uploads/2019/05/1_image_thumb_3.png	content/posts/2015-10-10-features-in-team-foundation-server-that-you-maybe-didnt-know-about	1_image_thumb_3.png
https://blog.ehn.nu/wp-content/uploads/2019/05/1_image_thumb_6.png	content/posts/2015-10-10-features-in-team-foundation-server-that-you-maybe-didnt-know-about	1_image_thumb_6.png
https://blog.ehn.nu/wp-content/uploads/2019/05/1_image_thumb_5.png	content/posts/2015-10-10-features-in-team-foundation-server-that-you-maybe-didnt-know-about	1_image_thumb_5.png
https://blog.ehn.nu/wp-content/uploads/2019/05/image_thumb_8.png	content/posts/2015-10-10-features-in-team-foundation-server-that-you-maybe-didnt-know-about	image_thumb_8.png
https://blog.ehn.nu/wp-content/uploads/2019/05/image_thumb_9.png	content/posts/2015-10-10-features-in-team-foundation-server-that-you-maybe-didnt-know-about	image_thumb_9.png
https://blog.ehn.nu/wp-content/uploads/2019/05/image_thumb_7.png	content/posts/2015-10-10-features-in-team-foundation-server-that-you-maybe-didnt-know-about	image_thumb_7.png
https://blog.ehn.nu/wp-content/uploads/2019/05/image_thumb_12.png	content/posts/2015-10-10-features-in-team-foundation-server-that-you-maybe-didnt-know-about	image_thumb_12.png
https://blog.ehn.nu/wp-content/uploads/2019/05/image_thumb_13.png	content/posts/2015-10-10-features-in-team-foundation-server-that-you-maybe-didnt-know-about	image_thumb_13.png
https://blog.ehn.nu/wp-content/uploads/2019/05/image_thumb_10.png	content/posts/2015-10-10-features-in-team-foundation-server-that-you-maybe-didnt-know-about	image_thumb_10.png
https://blog.ehn.nu/wp-content/uploads/2019/05/2_image_thumb_1.png	content/posts/2015-10-generate-custom-build-numbers-in-tfs-build-vnext	2_image_thumb_1.png
https://blog.ehn.nu/wp-content/uploads/2019/05/6_image_thumb.png	content/posts/2015-10-generate-custom-build-numbers-in-tfs-build-vnext	6_image_thumb.png
https://blog.ehn.nu/wp-content/uploads/2019/05/img_5ce311d951d85.jpg	content/posts/2015-08-associaterecentworkitems-extension-available-for-visual-studio-2015	img_5ce311d951d85.jpg
https://blog.ehn.nu/wp-content/uploads/2019/05/3_image_thumb_1.png	content/posts/2015-06-building-github-repositories-in-tfs-build-vnext	3_image_thumb_1.png
https://blog.ehn.nu/wp-content/uploads/2019/05/7_image_thumb.png	content/posts/2015-06-building-github-repositories-in-tfs-build-vnext	7_image_thumb.png
https://blog.ehn.nu/wp-content/uploads/2019/05/2_image_thumb_2.png	content/posts/2015-06-building-github-repositories-in-tfs-build-vnext	2_image_thumb_2.png
https://blog.ehn.nu/wp-content/uploads/2019/05/2_image_thumb_3.png	content/posts/2015-06-building-github-repositories-in-tfs-build-vnext	2_image_thumb_3.png
https://blog.ehn.nu/wp-content/uploads/2019/05/2_image_thumb_4.png	content/posts/2015-06-building-github-repositories-in-tfs-build-vnext	2_image_thumb_4.png
https://blog.ehn.nu/wp-content/uploads/2019/05/2_image_thumb_5.png	content/posts/2015-06-building-github-repositories-in-tfs-build-vnext	2_image_thumb_5.png
https://blog.ehn.nu/wp-content/uploads/2019/05/1_image_thumb_10.png	content/posts/2015-06-building-github-repositories-in-tfs-build-vnext	1_image_thumb_10.png
https://blog.ehn.nu/wp-content/uploads/2019/05/1_image_thumb_8.png	content/posts/2015-06-building-github-repositories-in-tfs-build-vnext	1_image_thumb_8.png
https://blog.ehn.nu/wp-content/uploads/2019/05/1_image_thumb_9.png	content/posts/2015-06-building-github-repositories-in-tfs-build-vnext	1_image_thumb_9.png
https://blog.ehn.nu/wp-content/uploads/2019/05/2_image_thumb_6.png	content/posts/2015-06-building-github-repositories-in-tfs-build-vnext	2_image_thumb_6.png
https://blog.ehn.nu/wp-content/uploads/2019/05/1_image_thumb_7.png	content/posts/2015-06-building-github-repositories-in-tfs-build-vnext	1_image_thumb_7.png
https://blog.ehn.nu/wp-content/uploads/2019/05/2_image_thumb_9.png	content/posts/2015-04-deploying-an-azure-web-site-using-tfs-build-vnext	2_image_thumb_9.png
https://blog.ehn.nu/wp-content/uploads/2019/05/4_image_thumb_1.png	content/posts/2015-04-deploying-an-azure-web-site-using-tfs-build-vnext	4_image_thumb_1.png
https://blog.ehn.nu/wp-content/uploads/2019/05/8_image_thumb.png	content/posts/2015-04-deploying-an-azure-web-site-using-tfs-build-vnext	8_image_thumb.png
https://blog.ehn.nu/wp-content/uploads/2019/05/3_image_thumb_2.png	content/posts/2015-04-deploying-an-azure-web-site-using-tfs-build-vnext	3_image_thumb_2.png
https://blog.ehn.nu/wp-content/uploads/2019/05/3_image_thumb_3.png	content/posts/2015-04-deploying-an-azure-web-site-using-tfs-build-vnext	3_image_thumb_3.png
https://blog.ehn.nu/wp-content/uploads/2019/05/3_image_thumb_4.png	content/posts/2015-04-deploying-an-azure-web-site-using-tfs-build-vnext	3_image_thumb_4.png
https://blog.ehn.nu/wp-content/uploads/2019/05/2_image_thumb_7.png	content/posts/2015-04-deploying-an-azure-web-site-using-tfs-build-vnext	2_image_thumb_7.png
https://blog.ehn.nu/wp-content/uploads/2019/05/2_image_thumb_8.png	content/posts/2015-04-deploying-an-azure-web-site-using-tfs-build-vnext	2_image_thumb_8.png
https://blog.ehn.nu/wp-content/uploads/2019/05/3_image_thumb_6.png	content/posts/2015-04-deploying-an-azure-web-site-using-tfs-build-vnext	3_image_thumb_6.png
https://blog.ehn.nu/wp-content/uploads/2019/05/4_image_thumb.png	content/posts/2015-12-microsoft-announces-next-generation-of-visual-studio-release-management	4_image_thumb.png
https://blog.ehn.nu/wp-content/uploads/2015/12/image.png	content/posts/2015-12-microsoft-announces-next-generation-of-visual-studio-release-management	image.png
https://blog.ehn.nu/wp-content/uploads/2019/05/image_thumb1.png	content/posts/2015-12-microsoft-announces-next-generation-of-visual-studio-release-management	image_thumb1.png
https://blog.ehn.nu/wp-content/uploads/2015/12/image1.png	content/posts/2015-12-microsoft-announces-next-generation-of-visual-studio-release-management	image1.png
https://blog.ehn.nu/wp-content/uploads/2019/05/image_thumb2.png	content/posts/2015-12-microsoft-announces-next-generation-of-visual-studio-release-management	image_thumb2.png
https://blog.ehn.nu/wp-content/uploads/2015/12/image2.png	content/posts/2015-12-microsoft-announces-next-generation-of-visual-studio-release-management	image2.png
https://blog.ehn.nu/wp-content/uploads/2019/05/image_thumb3.png	content/posts/2015-12-microsoft-announces-next-generation-of-visual-studio-release-management	image_thumb3.png
https://blog.ehn.nu/wp-content/uploads/2015/12/image3.png	content/posts/2015-12-microsoft-announces-next-generation-of-visual-studio-release-management	image3.png
https://blog.ehn.nu/wp-content/uploads/2019/05/image_thumb4.png	content/posts/2015-12-microsoft-announces-next-generation-of-visual-studio-release-management	image_thumb4.png
https://blog.ehn.nu/wp-content/uploads/2015/12/image4.png	content/posts/2015-12-microsoft-announces-next-generation-of-visual-studio-release-management	image4.png
https://blog.ehn.nu/wp-content/uploads/2019/05/image_thumb5.png	content/posts/2015-12-microsoft-announces-next-generation-of-visual-studio-release-management	image_thumb5.png
https://blog.ehn.nu/wp-content/uploads/2015/12/image5.png	content/posts/2015-12-microsoft-announces-next-generation-of-visual-studio-release-management	image5.png
https://blog.ehn.nu/wp-content/uploads/2019/05/image_thumb6.png	content/posts/2015-12-microsoft-announces-next-generation-of-visual-studio-release-management	image_thumb6.png
https://blog.ehn.nu/wp-content/uploads/2015/12/image6.png	content/posts/2015-12-microsoft-announces-next-generation-of-visual-studio-release-management	image6.png
https://blog.ehn.nu/wp-content/uploads/2019/05/51pi2oKioeL._SX327_BO1204203200.jpg	content/posts/2015-12-microsoft-announces-next-generation-of-visual-studio-release-management	51pi2oKioeL._SX327_BO1204203200.jpg
https://blog.ehn.nu/wp-content/uploads/2019/05/51pi2oKioeL._SX327_BO1204203200.jpg	content/posts/2015-12-new-book-continuous-delivery-with-visual-studio-alm-2015	51pi2oKioeL._SX327_BO1204203200.jpg
https://blog.ehn.nu/wp-content/uploads/2019/05/image_thumb7.png	content/posts/2015-12-microsoft-developer-roadshow-sweden-with-active-solution	image_thumb7.png
https://blog.ehn.nu/wp-content/uploads/2015/12/image7.png	content/posts/2015-12-microsoft-developer-roadshow-sweden-with-active-solution	image7.png
https://blog.ehn.nu/wp-content/uploads/2019/05/3_image_thumb.png	content/posts/2016-01-downloading-build-artifacts-in-tfs-build-vnext	3_image_thumb.png
https://blog.ehn.nu/wp-content/uploads/2016/01/image.png	content/posts/2016-01-downloading-build-artifacts-in-tfs-build-vnext	image.png
https://blog.ehn.nu/wp-content/uploads/2019/05/41iofLZjgDL._SX327_BO1204203200.jpg	content/posts/2016-01-downloading-build-artifacts-in-tfs-build-vnext	41iofLZjgDL._SX327_BO1204203200.jpg
https://blog.ehn.nu/wp-content/uploads/2016/01/image_thumb-1.png	content/posts/2016-01-deploy-azure-web-apps-with-parameterization	image_thumb-1.png
https://blog.ehn.nu/wp-content/uploads/2016/01/image-1.png	content/posts/2016-01-deploy-azure-web-apps-with-parameterization	image-1.png
https://blog.ehn.nu/wp-content/uploads/2016/02/book_thumb.jpg	content/posts/2016-02-tfs-2015-update-2-rc1-available-with-vs-release-management-vnext	book_thumb.jpg
https://blog.ehn.nu/wp-content/uploads/2016/02/book.jpg	content/posts/2016-02-tfs-2015-update-2-rc1-available-with-vs-release-management-vnext	book.jpg
https://blog.ehn.nu/wp-content/uploads/2019/05/1_image_thumb-2.png	content/posts/2016-01-deploy-on-premise-builds-with-visual-studio-release-management-vnext	1_image_thumb-2.png
https://blog.ehn.nu/wp-content/uploads/2016/01/image-2.png	content/posts/2016-01-deploy-on-premise-builds-with-visual-studio-release-management-vnext	image-2.png
https://blog.ehn.nu/wp-content/uploads/2019/05/1_image_thumb-3.png	content/posts/2016-01-deploy-on-premise-builds-with-visual-studio-release-management-vnext	1_image_thumb-3.png
https://blog.ehn.nu/wp-content/uploads/2016/01/image-3.png	content/posts/2016-01-deploy-on-premise-builds-with-visual-studio-release-management-vnext	image-3.png
https://blog.ehn.nu/wp-content/uploads/2016/01/image_thumb-4.png	content/posts/2016-01-deploy-on-premise-builds-with-visual-studio-release-management-vnext	image_thumb-4.png
https://blog.ehn.nu/wp-content/uploads/2016/01/image-4.png	content/posts/2016-01-deploy-on-premise-builds-with-visual-studio-release-management-vnext	image-4.png
https://blog.ehn.nu/wp-content/uploads/2016/01/image_thumb-5.png	content/posts/2016-01-deploy-on-premise-builds-with-visual-studio-release-management-vnext	image_thumb-5.png
https://blog.ehn.nu/wp-content/uploads/2016/01/image-5.png	content/posts/2016-01-deploy-on-premise-builds-with-visual-studio-release-management-vnext	image-5.png
https://blog.ehn.nu/wp-content/uploads/2016/01/image_thumb-6.png	content/posts/2016-01-deploy-on-premise-builds-with-visual-studio-release-management-vnext	image_thumb-6.png
https://blog.ehn.nu/wp-content/uploads/2016/01/image-6.png	content/posts/2016-01-deploy-on-premise-builds-with-visual-studio-release-management-vnext	image-6.png
https://blog.ehn.nu/wp-content/uploads/2016/01/image_thumb-7.png	content/posts/2016-01-deploy-on-premise-builds-with-visual-studio-release-management-vnext	image_thumb-7.png
https://blog.ehn.nu/wp-content/uploads/2016/01/image-7.png	content/posts/2016-01-deploy-on-premise-builds-with-visual-studio-release-management-vnext	image-7.png
https://blog.ehn.nu/wp-content/uploads/2016/01/image_thumb-8.png	content/posts/2016-01-deploy-on-premise-builds-with-visual-studio-release-management-vnext	image_thumb-8.png
https://blog.ehn.nu/wp-content/uploads/2016/01/image-8.png	content/posts/2016-01-deploy-on-premise-builds-with-visual-studio-release-management-vnext	image-8.png
https://blog.ehn.nu/wp-content/uploads/2016/01/image_thumb-9.png	content/posts/2016-01-deploy-on-premise-builds-with-visual-studio-release-management-vnext	image_thumb-9.png
https://blog.ehn.nu/wp-content/uploads/2016/01/image-9.png	content/posts/2016-01-deploy-on-premise-builds-with-visual-studio-release-management-vnext	image-9.png
https://blog.ehn.nu/wp-content/uploads/2019/05/2_image_thumb.png	content/posts/2016-03-publish-a-github-release-from-visual-studio-team-services	2_image_thumb.png
https://blog.ehn.nu/wp-content/uploads/2016/03/image.png	content/posts/2016-03-publish-a-github-release-from-visual-studio-team-services	image.png
https://blog.ehn.nu/wp-content/uploads/2016/03/image_thumb-1.png	content/posts/2016-03-publish-a-github-release-from-visual-studio-team-services	image_thumb-1.png
https://blog.ehn.nu/wp-content/uploads/2016/03/image-1.png	content/posts/2016-03-publish-a-github-release-from-visual-studio-team-services	image-1.png
https://blog.ehn.nu/wp-content/uploads/2016/03/image_thumb-2.png	content/posts/2016-03-publish-a-github-release-from-visual-studio-team-services	image_thumb-2.png
https://blog.ehn.nu/wp-content/uploads/2016/03/image-2.png	content/posts/2016-03-publish-a-github-release-from-visual-studio-team-services	image-2.png
https://blog.ehn.nu/wp-content/uploads/2019/05/image_thumb-3.png	content/posts/2016-03-using-web-deploy-in-visual-studio-team-services-release-management	image_thumb-3.png
https://blog.ehn.nu/wp-content/uploads/2016/03/image-4.png	content/posts/2016-03-using-web-deploy-in-visual-studio-team-services-release-management	image-4.png
https://blog.ehn.nu/wp-content/uploads/2016/03/image_thumb-4.png	content/posts/2016-03-using-web-deploy-in-visual-studio-team-services-release-management	image_thumb-4.png
https://blog.ehn.nu/wp-content/uploads/2016/03/image-5.png	content/posts/2016-03-using-web-deploy-in-visual-studio-team-services-release-management	image-5.png
https://blog.ehn.nu/wp-content/uploads/2016/03/image_thumb-5.png	content/posts/2016-03-using-web-deploy-in-visual-studio-team-services-release-management	image_thumb-5.png
https://blog.ehn.nu/wp-content/uploads/2016/03/image-6.png	content/posts/2016-03-using-web-deploy-in-visual-studio-team-services-release-management	image-6.png
https://blog.ehn.nu/wp-content/uploads/2019/05/1_image_thumb-6.png	content/posts/2016-03-using-web-deploy-in-visual-studio-team-services-release-management	1_image_thumb-6.png
https://blog.ehn.nu/wp-content/uploads/2016/03/image-7.png	content/posts/2016-03-using-web-deploy-in-visual-studio-team-services-release-management	image-7.png
https://blog.ehn.nu/wp-content/uploads/2019/05/1_image_thumb-7.png	content/posts/2016-03-using-web-deploy-in-visual-studio-team-services-release-management	1_image_thumb-7.png
https://blog.ehn.nu/wp-content/uploads/2016/03/image-8.png	content/posts/2016-03-using-web-deploy-in-visual-studio-team-services-release-management	image-8.png
https://blog.ehn.nu/wp-content/uploads/2019/05/1_image_thumb-8.png	content/posts/2016-03-using-web-deploy-in-visual-studio-team-services-release-management	1_image_thumb-8.png
https://blog.ehn.nu/wp-content/uploads/2016/03/image-9.png	content/posts/2016-03-using-web-deploy-in-visual-studio-team-services-release-management	image-9.png
https://blog.ehn.nu/wp-content/uploads/2016/03/image_thumb-9.png	content/posts/2016-03-using-web-deploy-in-visual-studio-team-services-release-management	image_thumb-9.png
https://blog.ehn.nu/wp-content/uploads/2016/03/image-10.png	content/posts/2016-03-using-web-deploy-in-visual-studio-team-services-release-management	image-10.png
https://blog.ehn.nu/wp-content/uploads/2016/03/image_thumb-10.png	content/posts/2016-03-using-web-deploy-in-visual-studio-team-services-release-management	image_thumb-10.png
https://blog.ehn.nu/wp-content/uploads/2016/03/image-11.png	content/posts/2016-03-using-web-deploy-in-visual-studio-team-services-release-management	image-11.png
https://blog.ehn.nu/wp-content/uploads/2016/03/image_thumb-11.png	content/posts/2016-03-using-web-deploy-in-visual-studio-team-services-release-management	image_thumb-11.png
https://blog.ehn.nu/wp-content/uploads/2016/03/image-12.png	content/posts/2016-03-using-web-deploy-in-visual-studio-team-services-release-management	image-12.png
https://blog.ehn.nu/wp-content/uploads/2016/03/image_thumb-12.png	content/posts/2016-03-using-web-deploy-in-visual-studio-team-services-release-management	image_thumb-12.png
https://blog.ehn.nu/wp-content/uploads/2016/03/image-13.png	content/posts/2016-03-using-web-deploy-in-visual-studio-team-services-release-management	image-13.png
https://blog.ehn.nu/wp-content/uploads/2016/03/image_thumb-13.png	content/posts/2016-03-using-web-deploy-in-visual-studio-team-services-release-management	image_thumb-13.png
https://blog.ehn.nu/wp-content/uploads/2016/03/image-14.png	content/posts/2016-03-using-web-deploy-in-visual-studio-team-services-release-management	image-14.png
https://blog.ehn.nu/wp-content/uploads/2019/05/image-1.png	content/posts/2016-10-new-swedish-meetup-group-for-microsoft-alm-and-devops	image-1.png
https://blog.ehn.nu/wp-content/uploads/2019/05/DevOpsByDonovanBrown.jpg	content/posts/2016-10-new-swedish-meetup-group-for-microsoft-alm-and-devops	DevOpsByDonovanBrown.jpg
https://blog.ehn.nu/wp-content/uploads/2019/05/image11.png	content/posts/2017-02-deploying-arm-templates-using-visual-studio-team-services	image11.png
https://blog.ehn.nu/wp-content/uploads/2019/05/1_image_thumb.png	content/posts/2017-02-deploying-arm-templates-using-visual-studio-team-services	1_image_thumb.png
https://blog.ehn.nu/wp-content/uploads/2017/02/image.png	content/posts/2017-02-deploying-arm-templates-using-visual-studio-team-services	image.png
https://blog.ehn.nu/wp-content/uploads/2019/05/image4_thumb.png	content/posts/2017-02-deploying-arm-templates-using-visual-studio-team-services	image4_thumb.png
https://blog.ehn.nu/wp-content/uploads/2017/02/image4.png	content/posts/2017-02-deploying-arm-templates-using-visual-studio-team-services	image4.png
https://blog.ehn.nu/wp-content/uploads/2017/02/image_thumb-1.png	content/posts/2017-02-deploying-arm-templates-using-visual-studio-team-services	image_thumb-1.png
https://blog.ehn.nu/wp-content/uploads/2017/02/image-1.png	content/posts/2017-02-deploying-arm-templates-using-visual-studio-team-services	image-1.png
https://blog.ehn.nu/wp-content/uploads/2017/02/image_thumb-2.png	content/posts/2017-02-deploying-arm-templates-using-visual-studio-team-services	image_thumb-2.png
https://blog.ehn.nu/wp-content/uploads/2017/02/image-2.png	content/posts/2017-02-deploying-arm-templates-using-visual-studio-team-services	image-2.png
https://blog.ehn.nu/wp-content/uploads/2017/02/image_thumb-3.png	content/posts/2017-02-deploying-arm-templates-using-visual-studio-team-services	image_thumb-3.png
https://blog.ehn.nu/wp-content/uploads/2017/02/image-3.png	content/posts/2017-02-deploying-arm-templates-using-visual-studio-team-services	image-3.png
https://blog.ehn.nu/wp-content/uploads/2019/05/index-hero.jpg	content/posts/2018-09-meet-azure-devops-formerly-known-as-vsts	index-hero.jpg
https://blog.ehn.nu/wp-content/uploads/2019/05/48a57936-939a-460e-8a29-c290cd686697.png	content/posts/2018-09-meet-azure-devops-formerly-known-as-vsts	48a57936-939a-460e-8a29-c290cd686697.png
https://blog.ehn.nu/wp-content/uploads/2019/05/ce42b3b2-dd80-4305-b396-114b34fcf97f.png	content/posts/2018-09-meet-azure-devops-formerly-known-as-vsts	ce42b3b2-dd80-4305-b396-114b34fcf97f.png
https://blog.ehn.nu/wp-content/uploads/2019/05/99e338d7-f1f4-4c6e-84e6-6ee6a2f076d7.png	content/posts/2018-09-meet-azure-devops-formerly-known-as-vsts	99e338d7-f1f4-4c6e-84e6-6ee6a2f076d7.png
https://blog.ehn.nu/wp-content/uploads/2019/05/a269235b-176b-4db4-99c8-6ff77aa12da8.png	content/posts/2018-09-meet-azure-devops-formerly-known-as-vsts	a269235b-176b-4db4-99c8-6ff77aa12da8.png
https://blog.ehn.nu/wp-content/uploads/2019/05/916579bf-29bd-4c00-96a2-59b0ba2a2761.png	content/posts/2018-09-meet-azure-devops-formerly-known-as-vsts	916579bf-29bd-4c00-96a2-59b0ba2a2761.png
https://blog.ehn.nu/wp-content/uploads/2019/05/image_thumb.png	content/posts/2019-01-running-net-core-unit-tests-with-docker-and-azure-pipelines	image_thumb.png
https://blog.ehn.nu/wp-content/uploads/2019/01/image.png	content/posts/2019-01-running-net-core-unit-tests-with-docker-and-azure-pipelines	image.png
https://blog.ehn.nu/wp-content/uploads/2019/05/image_thumb-1.png	content/posts/2019-01-running-net-core-unit-tests-with-docker-and-azure-pipelines	image_thumb-1.png
https://blog.ehn.nu/wp-content/uploads/2019/01/image-1.png	content/posts/2019-01-running-net-core-unit-tests-with-docker-and-azure-pipelines	image-1.png
https://blog.ehn.nu/wp-content/uploads/2019/05/image_thumb-2.png	content/posts/2019-01-running-net-core-unit-tests-with-docker-and-azure-pipelines	image_thumb-2.png
https://blog.ehn.nu/wp-content/uploads/2019/01/image-2.png	content/posts/2019-01-running-net-core-unit-tests-with-docker-and-azure-pipelines	image-2.png
https://blog.ehn.nu/wp-content/uploads/2019/05/image_thumb1_thumb.png	content/posts/2019-01-deploy-azure-web-app-for-containers-with-arm-and-azure-devops	image_thumb1_thumb.png
https://blog.ehn.nu/wp-content/uploads/2019/01/image_thumb1.png	content/posts/2019-01-deploy-azure-web-app-for-containers-with-arm-and-azure-devops	image_thumb1.png
https://blog.ehn.nu/wp-content/uploads/2019/05/image_thumb-4.png	content/posts/2019-01-deploy-azure-web-app-for-containers-with-arm-and-azure-devops	image_thumb-4.png
https://blog.ehn.nu/wp-content/uploads/2019/01/image-5.png	content/posts/2019-01-deploy-azure-web-app-for-containers-with-arm-and-azure-devops	image-5.png
https://blog.ehn.nu/wp-content/uploads/2019/05/image_thumb-5.png	content/posts/2019-01-deploy-azure-web-app-for-containers-with-arm-and-azure-devops	image_thumb-5.png
https://blog.ehn.nu/wp-content/uploads/2019/01/image-6.png	content/posts/2019-01-deploy-azure-web-app-for-containers-with-arm-and-azure-devops	image-6.png
https://blog.ehn.nu/wp-content/uploads/2019/05/image_thumb-6.png	content/posts/2019-01-deploy-azure-web-app-for-containers-with-arm-and-azure-devops	image_thumb-6.png
https://blog.ehn.nu/wp-content/uploads/2019/01/image-7.png	content/posts/2019-01-deploy-azure-web-app-for-containers-with-arm-and-azure-devops	image-7.png
https://blog.ehn.nu/wp-content/uploads/2019/05/image_thumb-7.png	content/posts/2019-01-deploy-azure-web-app-for-containers-with-arm-and-azure-devops	image_thumb-7.png
https://blog.ehn.nu/wp-content/uploads/2019/01/image-8.png	content/posts/2019-01-deploy-azure-web-app-for-containers-with-arm-and-azure-devops	image-8.png
https://blog.ehn.nu/wp-content/uploads/2019/05/image_thumb-8.png	content/posts/2019-01-creating-a-windows-container-build-agent-for-azure-pipelines	image_thumb-8.png
https://blog.ehn.nu/wp-content/uploads/2019/01/image-9.png	content/posts/2019-01-creating-a-windows-container-build-agent-for-azure-pipelines	image-9.png
https://blog.ehn.nu/wp-content/uploads/2019/05/image_thumb-9.png	content/posts/2019-01-creating-a-windows-container-build-agent-for-azure-pipelines	image_thumb-9.png
https://blog.ehn.nu/wp-content/uploads/2019/01/image-10.png	content/posts/2019-01-creating-a-windows-container-build-agent-for-azure-pipelines	image-10.png
https://blog.ehn.nu/wp-content/uploads/2019/05/image_thumb-10.png	content/posts/2019-01-creating-a-windows-container-build-agent-for-azure-pipelines	image_thumb-10.png
https://blog.ehn.nu/wp-content/uploads/2019/01/image-11.png	content/posts/2019-01-creating-a-windows-container-build-agent-for-azure-pipelines	image-11.png
https://blog.ehn.nu/wp-content/uploads/2019/05/image_thumb-11.png	content/posts/2019-01-creating-a-windows-container-build-agent-for-azure-pipelines	image_thumb-11.png
https://blog.ehn.nu/wp-content/uploads/2019/01/image-12.png	content/posts/2019-01-creating-a-windows-container-build-agent-for-azure-pipelines	image-12.png
https://blog.ehn.nu/wp-content/uploads/2019/05/image_thumb-12.png	content/posts/2019-01-creating-a-windows-container-build-agent-for-azure-pipelines	image_thumb-12.png
https://blog.ehn.nu/wp-content/uploads/2019/01/image-13.png	content/posts/2019-01-creating-a-windows-container-build-agent-for-azure-pipelines	image-13.png
https://blog.ehn.nu/wp-content/uploads/2019/05/image_thumb-13.png	content/posts/2019-01-creating-a-windows-container-build-agent-for-azure-pipelines	image_thumb-13.png
https://blog.ehn.nu/wp-content/uploads/2019/01/image-14.png	content/posts/2019-01-creating-a-windows-container-build-agent-for-azure-pipelines	image-14.png
https://blog.ehn.nu/wp-content/uploads/2019/05/image_thumb-14.png	content/posts/2019-01-creating-a-windows-container-build-agent-for-azure-pipelines	image_thumb-14.png
https://blog.ehn.nu/wp-content/uploads/2019/01/image-15.png	content/posts/2019-01-creating-a-windows-container-build-agent-for-azure-pipelines	image-15.png
https://blog.ehn.nu/wp-content/uploads/2019/05/image_thumb-15.png	content/posts/2019-01-creating-a-windows-container-build-agent-for-azure-pipelines	image_thumb-15.png
https://blog.ehn.nu/wp-content/uploads/2019/01/image-16.png	content/posts/2019-01-creating-a-windows-container-build-agent-for-azure-pipelines	image-16.png
https://blog.ehn.nu/wp-content/uploads/2019/05/image_thumb-16.png	content/posts/2019-01-creating-a-windows-container-build-agent-for-azure-pipelines	image_thumb-16.png
https://blog.ehn.nu/wp-content/uploads/2019/01/image-17.png	content/posts/2019-01-creating-a-windows-container-build-agent-for-azure-pipelines	image-17.png
https://blog.ehn.nu/wp-content/uploads/2019/05/image_thumb-17.png	content/posts/2019-01-creating-a-windows-container-build-agent-for-azure-pipelines	image_thumb-17.png
https://blog.ehn.nu/wp-content/uploads/2019/01/image-18.png	content/posts/2019-01-creating-a-windows-container-build-agent-for-azure-pipelines	image-18.png
https://blog.ehn.nu/wp-content/uploads/2019/06/image_thumb.png	content/posts/2019-06-running-windows-container-build-agents-for-azure-pipelines	image_thumb.png
https://blog.ehn.nu/wp-content/uploads/2019/06/image.png	content/posts/2019-06-running-windows-container-build-agents-for-azure-pipelines	image.png
https://blog.ehn.nu/wp-content/uploads/2019/06/image_thumb-1.png	content/posts/2019-06-running-windows-container-build-agents-for-azure-pipelines	image_thumb-1.png
https://blog.ehn.nu/wp-content/uploads/2019/06/image-1.png	content/posts/2019-06-running-windows-container-build-agents-for-azure-pipelines	image-1.png
https://blog.ehn.nu/wp-content/uploads/2019/06/image_thumb-2.png	content/posts/2019-06-running-windows-container-build-agents-for-azure-pipelines	image_thumb-2.png
https://blog.ehn.nu/wp-content/uploads/2019/06/image-2.png	content/posts/2019-06-running-windows-container-build-agents-for-azure-pipelines	image-2.png
https://blog.ehn.nu/wp-content/uploads/2019/06/image_thumb-3.png	content/posts/2019-06-getting-started-with-windows-containers-in-azure-kubernetes-service	image_thumb-3.png
https://blog.ehn.nu/wp-content/uploads/2019/06/image-3.png	content/posts/2019-06-getting-started-with-windows-containers-in-azure-kubernetes-service	image-3.png
https://blog.ehn.nu/wp-content/uploads/2019/06/image_thumb-5.png	content/posts/2019-06-getting-started-with-windows-containers-in-azure-kubernetes-service	image_thumb-5.png
https://blog.ehn.nu/wp-content/uploads/2019/06/image-5.png	content/posts/2019-06-getting-started-with-windows-containers-in-azure-kubernetes-service	image-5.png
https://blog.ehn.nu/wp-content/uploads/2020/01/winops1_thumb.jpg	content/posts/2020-01-my-speaking-year-2019	winops1_thumb.jpg
https://blog.ehn.nu/wp-content/uploads/2020/01/winops1.jpg	content/posts/2020-01-my-speaking-year-2019	winops1.jpg
https://blog.ehn.nu/wp-content/uploads/2020/01/winops2_thumb.jpg	content/posts/2020-01-my-speaking-year-2019	winops2_thumb.jpg
https://blog.ehn.nu/wp-content/uploads/2020/01/winops2.jpg	content/posts/2020-01-my-speaking-year-2019	winops2.jpg
https://blog.ehn.nu/wp-content/uploads/2020/01/ndclondon_thumb.jpg	content/posts/2020-01-my-speaking-year-2019	ndclondon_thumb.jpg
https://blog.ehn.nu/wp-content/uploads/2020/01/ndclondon.jpg	content/posts/2020-01-my-speaking-year-2019	ndclondon.jpg
https://blog.ehn.nu/wp-content/uploads/2020/01/mvpsummit1_thumb.jpg	content/posts/2020-01-my-speaking-year-2019	mvpsummit1_thumb.jpg
https://blog.ehn.nu/wp-content/uploads/2020/01/mvpsummit2_thumb.jpg	content/posts/2020-01-my-speaking-year-2019	mvpsummit2_thumb.jpg
https://blog.ehn.nu/wp-content/uploads/2020/01/mvpsummit2.jpg	content/posts/2020-01-my-speaking-year-2019	mvpsummit2.jpg
https://blog.ehn.nu/wp-content/uploads/2020/01/devsum_thumb.jpg	content/posts/2020-01-my-speaking-year-2019	devsum_thumb.jpg
https://blog.ehn.nu/wp-content/uploads/2020/01/devsum.jpg	content/posts/2020-01-my-speaking-year-2019	devsum.jpg
https://blog.ehn.nu/wp-content/uploads/2020/01/ignite2_thumb.jpg	content/posts/2020-01-my-speaking-year-2019	ignite2_thumb.jpg
https://blog.ehn.nu/wp-content/uploads/2020/01/ignite2.jpg	content/posts/2020-01-my-speaking-year-2019	ignite2.jpg
https://blog.ehn.nu/wp-content/uploads/2020/01/ignite1_thumb.jpg	content/posts/2020-01-my-speaking-year-2019	ignite1_thumb.jpg
https://blog.ehn.nu/wp-content/uploads/2020/01/ignite1.jpg	content/posts/2020-01-my-speaking-year-2019	ignite1.jpg
https://blog.ehn.nu/wp-content/uploads/2020/01/sydney1_thumb.jpg	content/posts/2020-01-my-speaking-year-2019	sydney1_thumb.jpg
https://blog.ehn.nu/wp-content/uploads/2020/01/sydney1.jpg	content/posts/2020-01-my-speaking-year-2019	sydney1.jpg
https://blog.ehn.nu/wp-content/uploads/2020/01/sydney2_thumb.jpg	content/posts/2020-01-my-speaking-year-2019	sydney2_thumb.jpg
https://blog.ehn.nu/wp-content/uploads/2020/01/sydney2.jpg	content/posts/2020-01-my-speaking-year-2019	sydney2.jpg
https://blog.ehn.nu/wp-content/uploads/2020/01/sydney4_thumb.jpg	content/posts/2020-01-my-speaking-year-2019	sydney4_thumb.jpg
https://blog.ehn.nu/wp-content/uploads/2020/01/sydney4.jpg	content/posts/2020-01-my-speaking-year-2019	sydney4.jpg
https://blog.ehn.nu/wp-content/uploads/2020/01/sydney5_thumb.jpg	content/posts/2020-01-my-speaking-year-2019	sydney5_thumb.jpg
https://blog.ehn.nu/wp-content/uploads/2020/01/sydney5.jpg	content/posts/2020-01-my-speaking-year-2019	sydney5.jpg
https://blog.ehn.nu/wp-content/uploads/2020/01/sydney6_thumb.jpg	content/posts/2020-01-my-speaking-year-2019	sydney6_thumb.jpg
https://blog.ehn.nu/wp-content/uploads/2020/01/sydney6.jpg	content/posts/2020-01-my-speaking-year-2019	sydney6.jpg
https://blog.ehn.nu/wp-content/uploads/2020/01/sudney-300x225.jpg	content/posts/2020-01-my-speaking-year-2019	sudney-300x225.jpg
https://blog.ehn.nu/wp-content/uploads/2020/01/techdays1_thumb.jpg	content/posts/2020-01-my-speaking-year-2019	techdays1_thumb.jpg
https://blog.ehn.nu/wp-content/uploads/2020/01/techdays1.jpg	content/posts/2020-01-my-speaking-year-2019	techdays1.jpg
https://blog.ehn.nu/wp-content/uploads/2020/01/prag1_thumb.jpg	content/posts/2020-01-my-speaking-year-2019	prag1_thumb.jpg
https://blog.ehn.nu/wp-content/uploads/2020/01/prag1.jpg	content/posts/2020-01-my-speaking-year-2019	prag1.jpg
https://blog.ehn.nu/wp-content/uploads/2020/01/prag2_thumb.jpg	content/posts/2020-01-my-speaking-year-2019	prag2_thumb.jpg
https://blog.ehn.nu/wp-content/uploads/2020/01/prag2.jpg	content/posts/2020-01-my-speaking-year-2019	prag2.jpg
https://blog.ehn.nu/wp-content/uploads/2020/01/prag3_thumb.jpg	content/posts/2020-01-my-speaking-year-2019	prag3_thumb.jpg
https://blog.ehn.nu/wp-content/uploads/2020/01/prag3.jpg	content/posts/2020-01-my-speaking-year-2019	prag3.jpg
https://blog.ehn.nu/wp-content/uploads/2020/01/cloudbrew3_thumb.jpg	content/posts/2020-01-my-speaking-year-2019	cloudbrew3_thumb.jpg
https://blog.ehn.nu/wp-content/uploads/2020/01/cloudbrew3.jpg	content/posts/2020-01-my-speaking-year-2019	cloudbrew3.jpg
https://blog.ehn.nu/wp-content/uploads/2020/01/cloudbrew2_thumb.jpg	content/posts/2020-01-my-speaking-year-2019	cloudbrew2_thumb.jpg
https://blog.ehn.nu/wp-content/uploads/2020/01/cloudbrew2.jpg	content/posts/2020-01-my-speaking-year-2019	cloudbrew2.jpg
https://blog.ehn.nu/wp-content/uploads/2020/01/cloudbrew4_thumb.jpg	content/posts/2020-01-my-speaking-year-2019	cloudbrew4_thumb.jpg
https://blog.ehn.nu/wp-content/uploads/2020/01/cloudbrew4.jpg	content/posts/2020-01-my-speaking-year-2019	cloudbrew4.jpg
https://blog.ehn.nu/wp-content/uploads/2020/01/cloudbrew1_thumb.jpg	content/posts/2020-01-my-speaking-year-2019	cloudbrew1_thumb.jpg
https://blog.ehn.nu/wp-content/uploads/2020/01/cloudbrew1.jpg	content/posts/2020-01-my-speaking-year-2019	cloudbrew1.jpg
https://blog.ehn.nu/wp-content/uploads/2020/01/image_thumb.png	content/posts/2020-01-event-driven-scripting-in-kubernetes-with-brigade	image_thumb.png
https://blog.ehn.nu/wp-content/uploads/2020/01/image.png	content/posts/2020-01-event-driven-scripting-in-kubernetes-with-brigade	image.png
https://blog.ehn.nu/wp-content/uploads/2020/01/SNAGHTMLae0651d4_thumb.png	content/posts/2020-01-event-driven-scripting-in-kubernetes-with-brigade	SNAGHTMLae0651d4_thumb.png
https://blog.ehn.nu/wp-content/uploads/2020/01/SNAGHTMLae0651d4.png	content/posts/2020-01-event-driven-scripting-in-kubernetes-with-brigade	SNAGHTMLae0651d4.png
https://blog.ehn.nu/wp-content/uploads/2020/01/image_thumb-1.png	content/posts/2020-01-event-driven-scripting-in-kubernetes-with-brigade	image_thumb-1.png
https://blog.ehn.nu/wp-content/uploads/2020/01/image-1.png	content/posts/2020-01-event-driven-scripting-in-kubernetes-with-brigade	image-1.png
https://blog.ehn.nu/wp-content/uploads/2020/01/image_thumb-2.png	content/posts/2020-01-event-driven-scripting-in-kubernetes-with-brigade	image_thumb-2.png
https://blog.ehn.nu/wp-content/uploads/2020/01/image-2.png	content/posts/2020-01-event-driven-scripting-in-kubernetes-with-brigade	image-2.png
https://blog.ehn.nu/wp-content/uploads/2020/02/image_thumb.png	content/posts/2020-02-how-visual-studio-2019-supports-containerized-applications	image_thumb.png
https://blog.ehn.nu/wp-content/uploads/2020/02/image.png	content/posts/2020-02-how-visual-studio-2019-supports-containerized-applications	image.png
https://blog.ehn.nu/wp-content/uploads/2020/03/image_thumb.png	content/posts/2020-03-debugging-dapr-applications-with-visual-studio-code	image_thumb.png
https://blog.ehn.nu/wp-content/uploads/2020/03/image.png	content/posts/2020-03-debugging-dapr-applications-with-visual-studio-code	image.png
https://blog.ehn.nu/wp-content/uploads/2020/03/image_thumb-1.png	content/posts/2020-03-debugging-dapr-applications-with-visual-studio-code	image_thumb-1.png
https://blog.ehn.nu/wp-content/uploads/2020/03/image-1.png	content/posts/2020-03-debugging-dapr-applications-with-visual-studio-code	image-1.png
https://blog.ehn.nu/wp-content/uploads/2020/03/image_thumb-2.png	content/posts/2020-03-debugging-dapr-applications-with-visual-studio-code	image_thumb-2.png
https://blog.ehn.nu/wp-content/uploads/2020/03/image-2.png	content/posts/2020-03-debugging-dapr-applications-with-visual-studio-code	image-2.png
https://blog.ehn.nu/wp-content/uploads/2020/03/image_thumb-3.png	content/posts/2020-03-debugging-dapr-applications-with-visual-studio-code	image_thumb-3.png
https://blog.ehn.nu/wp-content/uploads/2020/03/image-3.png	content/posts/2020-03-debugging-dapr-applications-with-visual-studio-code	image-3.png
https://blog.ehn.nu/wp-content/uploads/2020/03/image_thumb-4.png	content/posts/2020-03-debugging-dapr-applications-with-visual-studio-code	image_thumb-4.png
https://blog.ehn.nu/wp-content/uploads/2020/03/image-4.png	content/posts/2020-03-debugging-dapr-applications-with-visual-studio-code	image-4.png
https://blog.ehn.nu/wp-content/uploads/2020/03/image_thumb-5.png	content/posts/2020-03-debugging-dapr-applications-with-visual-studio-code	image_thumb-5.png
https://blog.ehn.nu/wp-content/uploads/2020/03/image-5.png	content/posts/2020-03-debugging-dapr-applications-with-visual-studio-code	image-5.png
https://blog.ehn.nu/wp-content/uploads/2020/03/image_thumb-6.png	content/posts/2020-03-debugging-dapr-applications-with-visual-studio-code	image_thumb-6.png
https://blog.ehn.nu/wp-content/uploads/2020/03/image-6.png	content/posts/2020-03-debugging-dapr-applications-with-visual-studio-code	image-6.png
https://blog.ehn.nu/wp-content/uploads/2020/03/image_thumb-7.png	content/posts/2020-03-debugging-dapr-applications-with-visual-studio-code	image_thumb-7.png
https://blog.ehn.nu/wp-content/uploads/2020/03/image-7.png	content/posts/2020-03-debugging-dapr-applications-with-visual-studio-code	image-7.png
https://blog.ehn.nu/wp-content/uploads/2020/03/image_thumb-8.png	content/posts/2020-03-debugging-dapr-applications-with-visual-studio-code	image_thumb-8.png
https://blog.ehn.nu/wp-content/uploads/2020/03/image-8.png	content/posts/2020-03-debugging-dapr-applications-with-visual-studio-code	image-8.png
https://blog.ehn.nu/wp-content/uploads/2020/03/image_thumb-9.png	content/posts/2020-03-debugging-dapr-applications-with-visual-studio-code	image_thumb-9.png
https://blog.ehn.nu/wp-content/uploads/2020/03/image-9.png	content/posts/2020-03-debugging-dapr-applications-with-visual-studio-code	image-9.png
https://blog.ehn.nu/wp-content/uploads/2020/03/image_thumb-10.png	content/posts/2020-03-debugging-dapr-applications-with-visual-studio-code	image_thumb-10.png
https://blog.ehn.nu/wp-content/uploads/2020/03/image-10.png	content/posts/2020-03-debugging-dapr-applications-with-visual-studio-code	image-10.png
https://blog.ehn.nu/wp-content/uploads/2020/04/image_thumb7_thumb.png	content/posts/2020-04-implementing-azure-container-registry-retention-with-brigade	image_thumb7_thumb.png
https://blog.ehn.nu/wp-content/uploads/2020/04/image_thumb7.png	content/posts/2020-04-implementing-azure-container-registry-retention-with-brigade	image_thumb7.png
https://blog.ehn.nu/wp-content/uploads/2020/04/image_thumb13_thumb.png	content/posts/2020-04-implementing-azure-container-registry-retention-with-brigade	image_thumb13_thumb.png
https://blog.ehn.nu/wp-content/uploads/2020/04/image_thumb13.png	content/posts/2020-04-implementing-azure-container-registry-retention-with-brigade	image_thumb13.png
https://blog.ehn.nu/wp-content/uploads/2020/04/image_thumb1_thumb.png	content/posts/2020-04-implementing-azure-container-registry-retention-with-brigade	image_thumb1_thumb.png
https://blog.ehn.nu/wp-content/uploads/2020/04/image_thumb1.png	content/posts/2020-04-implementing-azure-container-registry-retention-with-brigade	image_thumb1.png
https://blog.ehn.nu/wp-content/uploads/2020/04/image_thumb4_thumb.png	content/posts/2020-04-implementing-azure-container-registry-retention-with-brigade	image_thumb4_thumb.png
https://blog.ehn.nu/wp-content/uploads/2020/04/image_thumb4.png	content/posts/2020-04-implementing-azure-container-registry-retention-with-brigade	image_thumb4.png
https://blog.ehn.nu/wp-content/uploads/2020/04/image_thumb5_thumb.png	content/posts/2020-04-implementing-azure-container-registry-retention-with-brigade	image_thumb5_thumb.png
https://blog.ehn.nu/wp-content/uploads/2020/04/image_thumb5.png	content/posts/2020-04-implementing-azure-container-registry-retention-with-brigade	image_thumb5.png
